{
  "جستجوی عمومی": {
    "animation": "CgACAgQAAxkBASusNWH_gXj_FSDXVAN9zGwJW2TLQJlpAAKQCgACQmDxUynsUn2VQ7teIwQ",
    "caption": "راهنمای جستجوی عمومی میم ها \uD83D\uDC46"
  },
  "ارسال با کپشن": {
    "animation": "CgACAgQAAxkBBDxBVGicyowDSQmJUkfKCKvCqAFXc-pXAAIZDgAC6Y3pU4T0fyUmJBifNgQ",
    "caption": "راهنمای ارسال میم با کپشن \uD83D\uDC46"
  },
  "جستجو با نام": {
    "animation": "CgACAgQAAxkBAAFZLulgZtrVVZ_JySfT11ISeu8o6YwTHgACIwoAAuZbIFNBhpI1BkXZwR4E",
    "caption": "راهنمای جستجوی میم با استفاده از نام \uD83D\uDC46"
  },
  "جستجو با تگ": {
    "animation": "CgACAgQAAxkBASustmH_gs8c527a_JmYWAXQdBFxR7wRAAKOCgACQmDxUxx5g-iBa-xIIwQ",
    "caption": "راهنمای جستجوی میم با استفاده از تگ ها \uD83D\uDC46"
  },
  "جستجوی ویدئو": {
    "animation": "CgACAgQAAxkBASusXGH_gagF1zNgHwrXP1DFIibUvAhDAAKPCgACQmDxU6a-jOWFMkNKIwQ",
    "caption": "راهنمای جستجوی عمومی ویدئو ها \uD83D\uDC46"
  },
  "جستجوی ویس": {
    "animation": "CgACAgQAAxkBASusymH_gxqEilIulRbs1WszwteMrRjpAALWCgACQmDpUwzKWpy7glO-IwQ",
    "caption": "راهنمای جستجوی عمومی ویس ها \uD83D\uDC46"
  },
  "پلی لیست ها": {
    "animation": "BAACAgQAAxkBA-hYqWgsWtL585kiFFsqTu65brVSfyhrAAI6GwACuddIUf2iI3QXhM1nNgQ",
    "caption": "راهنمای ساخت و استفاده از پلی لیست ها \uD83D\uDC46"
  },
  "افزودن ویس عمومی": {
    "animation": "CgACAgQAAxkBASusLGH_gVPugp8OSL4XP-_B1EKh3qAWAAJ1CgACQmDpU03yP6Vf78HHIwQ",
    "caption": "آموزش اضافه کردن ویس عمومی به ربات \uD83D\uDC46"
  },
  "افزودن ویدئو عمومی": {
    "animation": "CgACAgQAAxkBASusImH_gSKM5o1jaGtNf4b6yE4ey_mOAALGCAACOwTpU2ybEdDCuaudIwQ",
    "caption": "آموزش اضافه کردن ویدئو عمومی به ربات \uD83D\uDC46"
  }
}
